{
  "normalization": {
    "all_submissions": 134,
    "with_s3_objects": 113,
    "usable_submissions": 108,
    "min_required_instance_coverage": 0.9,
    "min_required_mapped_byte_fraction": 0.9
  },
  "volume": {
    "min_mean_bytes": 6554,
    "median_mean_bytes": 204346,
    "max_mean_bytes": 10595939,
    "spread": 1616.7133048519988
  },
  "success_vs_volume": {
    "kendall_tau_b": 0.08015290818326135,
    "permutation_p": 0.22223888805559722,
    "n_permutations": 20000
  },
  "success_ranking_vs_success_per_mb_ranking": {
    "kendall_tau_b": 0.1370580031705118,
    "permutation_p": 0.035948202589870505,
    "n_permutations": 20000
  },
  "success_band_65_75": {
    "n": 28,
    "min_mean_bytes": 78913,
    "max_mean_bytes": 10595939,
    "spread": 134.27368114252405
  },
  "submissions": [
    "20240402_sweagent_gpt4",
    "20240612_MASAI_gpt4o",
    "20240620_sweagent_claude3.5sonnet",
    "20240721_amazon-q-developer-agent-20240719-dev",
    "20240728_sweagent_gpt4o",
    "20240820_epam-ai-run-gpt-4o",
    "20240820_honeycomb",
    "20240824_gru",
    "20240918_lingma-agent_lingma-swe-gpt-72b",
    "20240918_lingma-agent_lingma-swe-gpt-7b",
    "20240920_solver",
    "20240924_solver",
    "20241001_nfactorial",
    "20241002_lingma-agent_lingma-swe-gpt-72b",
    "20241002_lingma-agent_lingma-swe-gpt-7b",
    "20241007_nfactorial",
    "20241016_composio_swekit",
    "20241016_epam-ai-run-gpt-4o",
    "20241022_tools_claude-3-5-haiku",
    "20241022_tools_claude-3-5-sonnet-updated",
    "20241023_emergent",
    "20241025_composio_swekit",
    "20241028_agentless-1.5_gpt4o",
    "20241028_solver",
    "20241029_OpenHands-CodeAct-2.1-sonnet-20241022",
    "20241029_epam-ai-run-claude-3-5-sonnet",
    "20241030_nfactorial",
    "20241105_nfactorial",
    "20241106_navie-2-gpt4o-sonnet",
    "20241108_autocoderover-v2.0-claude-3-5-sonnet-20241022",
    "20241108_devlo",
    "20241113_nebius-search-open-weight-models-11-24",
    "20241120_artemis_agent",
    "20241125_enginelabs",
    "20241125_marscode-agent-dev",
    "20241202_agentless-1.5_claude-3.5-sonnet-20241022",
    "20241202_amazon-q-developer-agent-20241202-dev",
    "20241208_gru",
    "20241212_epam-ai-run-claude-3-5-sonnet",
    "20241212_google_jules_gemini_2.0_flash_experimental",
    "20241213_devlo",
    "20241221_codestory_midwit_claude-3-5-sonnet_swe-search",
    "20241223_emergent",
    "20250110_blackboxai_agent_v1.1",
    "20250110_learn_by_interact_claude3.5",
    "20250117_wandb_programmer_o1_crosscheck5",
    "20250120_Bracket",
    "20250203_openhands_4x_scaled",
    "20250206_agentscope",
    "20250214_agentless_lite_o3_mini",
    "20250224_tools_claude-3-7-sonnet",
    "20250226_swerl_llama3_70b",
    "20250228_epam-ai-run-claude-3-5-sonnet",
    "20250316_augment_agent_v0",
    "20250405_amazon-q-developer-agent-20250405-dev",
    "20250410_cortexa",
    "20250415_openhands",
    "20250430_zencoder_ai",
    "20250503_patchpilot-v1.1-o4-mini",
    "20250511_sweagent_lm_32b",
    "20250514_aime_coder",
    "20250515_Refact_Agent",
    "20250516_cortexa_o3",
    "20250519_devlo",
    "20250519_trae",
    "20250520_openhands_devstral_small",
    "20250522_sweagent_claude-4-sonnet-20250514",
    "20250522_tools_claude-4-opus",
    "20250522_tools_claude-4-sonnet",
    "20250524_openhands_claude_4_sonnet",
    "20250527_amazon.nova-premier-v1.0",
    "20250528_patchpilot_Co-PatcheR",
    "20250603_Refact_Agent_claude-4-sonnet",
    "20250610_augment_agent_v1",
    "20250611_moatless_claude-4-sonnet-20250514",
    "20250612_trae",
    "20250616_Skywork-SWE-32B",
    "20250616_Skywork-SWE-32B+TTS_Bo8",
    "20250623_warp",
    "20250629_deepswerl_r2eagent",
    "20250629_deepswerl_r2eagent_tts",
    "20250710_bloop",
    "20250715_qodo_command",
    "20250716_openhands_kimi_k2",
    "20250720_Lingxi-v1.5_claude-4-sonnet-20250514",
    "20250725_sweagent_devstral_small_2507",
    "20250731_harness_ai",
    "20250804_codesweep_sweagent_kimi_k2_instruct",
    "20250804_epam-ai-run-claude-4-sonnet",
    "20250807_openhands_gpt5",
    "20250819_ACoder",
    "20250901_entroPO_R2E_QwenCoder30BA3B",
    "20250901_entroPO_R2E_QwenCoder30BA3B_tts",
    "20250901_warp",
    "20250902_atlassian-rovo-dev",
    "20250915_JoyCode",
    "20250924_artemis_agent_v2",
    "20250928_trae_doubao_seed_code",
    "20251014_Lingxi_kimi_k2",
    "20251021_SalesforceAIResearch_SAGE_bash_only",
    "20251103_SalesforceAIResearch_SAGE_OpenHands",
    "20251103_sonar-foundation-agent_claude-sonnet-4-5",
    "20251110_frogboss-32b",
    "20251110_frogmini-14b",
    "20251120_livesweagent_gemini-3-pro-preview",
    "20251127_openhands_claude-opus-4-5",
    "20251205_sonar-foundation-agent_claude-opus-4-5",
    "20251215_livesweagent_claude-opus-4-5"
  ]
}